Index,poi,bonus,deferral_payments,deferred_income,director_fees,exercised_stock_options,expenses,from_messages,loan_advances,long_term_incentive,other,restricted_stock,restricted_stock_deferred,salary,to_messages,total_payments,total_stock_value,bonusNorm,deferral_paymentsNorm,deferred_incomeNorm,director_feesNorm,exercised_stock_optionsNorm,expensesNorm,from_messagesNorm,loan_advancesNorm,long_term_incentiveNorm,otherNorm,restricted_stockNorm,restricted_stock_deferredNorm,salaryNorm,to_messagesNorm,total_paymentsNorm,total_stock_valueNorm
0,0,4175000,2869717,-3081055,0,1729541,13868,2195,0,304805,152,126027,-126027,201955,2902,4484442,1729541,0.348752369,0.882683641,-1.129647165,-0.163712603,-0.094884973,-0.132131207,1.268322473,-0.119556803,-0.089775483,-0.159499782,-0.149522744,-0.1015366,-0.075250604,0.749046416,0.003841414,-0.114294476
1,0,0,178980,0,0,257817,3486,0,0,0,0,0,0,0,0,182466,257817,-0.165326659,-0.095558919,0.161507511,-0.163712603,-0.151146918,-0.156043174,-0.249716235,-0.119556803,-0.164855856,-0.159540921,-0.161045995,-0.014299561,-0.166591567,-0.551043675,-0.155341327,-0.154760735
2,0,0,0,-5104,0,4046157,56301,29,0,0,864523,1757552,-560222,477,566,916197,5243487,-0.165326659,-0.160628769,0.159368616,-0.163712603,-0.006323991,-0.034398929,-0.229660142,-0.119556803,-0.164855856,0.074443794,-0.000344605,-0.402090342,-0.166375827,-0.297476827,-0.128191638,-0.017675646
3,0,1200000,1295738,-1386055,0,6680544,11200,0,0,1586055,2660303,3942714,0,267102,0,5634343,10623258,-0.017567417,0.310448879,-0.419336192,-0.163712603,0.094384931,-0.138276182,-0.249716235,-0.119556803,0.225825404,0.560474902,0.199455214,-0.014299561,-0.045785675,-0.551043675,0.046390325,0.130245574
4,0,400000,260455,-201641,0,0,129142,0,0,0,69,145796,-82782,239671,0,827696,63014,-0.116073578,-0.065937922,0.077007325,-0.163712603,-0.161002901,0.133369478,-0.249716235,-0.119556803,-0.164855856,-0.159522246,-0.147715169,-0.071602017,-0.05819227,-0.551043675,-0.131466373,-0.160117004
5,0,0,684694,0,0,1599641,0,0,0,93750,874,0,0,80818,0,860136,1599641,-0.165326659,0.088298128,0.161507511,-0.163712603,-0.099850868,-0.164072178,-0.249716235,-0.119556803,-0.141763109,-0.159304371,-0.161045995,-0.014299561,-0.130038899,-0.551043675,-0.13026602,-0.117866183
6,0,700000,0,0,0,0,37172,4343,0,0,566,126027,0,231330,7315,969068,126027,-0.079133768,-0.160628769,0.161507511,-0.163712603,-0.161002901,-0.078457109,2.75385648,-0.119556803,-0.164855856,-0.159387732,-0.149522744,-0.014299561,-0.061964769,2.72606143,-0.126235293,-0.158384409
7,1,5249999,2144013,-2334434,0,953136,17355,484,0,0,210698,157569,0,213999,7991,5501630,1110705,0.4811199,0.618847176,-0.816766287,-0.163712603,-0.124565848,-0.1240999,0.085013029,-0.119556803,-0.164855856,-0.102515126,-0.146638708,-0.014299561,-0.069803298,3.028908054,0.041479647,-0.131309879
8,0,0,-102500,0,3285,3285,0,0,0,0,0,0,44093,0,0,102500,-44093,-0.165326659,-0.197893601,0.161507511,-0.136212912,-0.16087732,-0.164072178,-0.249716235,-0.119556803,-0.164855856,-0.159540921,-0.161045995,0.016222016,-0.166591567,-0.551043675,-0.158300248,-0.163061999
9,0,0,0,0,0,1624396,11892,0,0,0,0,869220,0,216582,0,228474,2493616,-0.165326659,-0.160628769,0.161507511,-0.163712603,-0.098904519,-0.136682358,-0.249716235,-0.119556803,-0.164855856,-0.159540921,-0.081569051,-0.014299561,-0.06863505,-0.551043675,-0.153638928,-0.093285606
10,0,250000,0,-485813,0,0,59175,59,0,180250,427316,659249,0,187922,383,618850,659249,-0.134543483,-0.160628769,-0.04207851,-0.163712603,-0.161002901,-0.027779492,-0.208912461,-0.119556803,-0.1204562,-0.043887072,-0.100767704,-0.014299561,-0.081597502,-0.379460455,-0.139194142,-0.143723033
11,0,0,0,0,137864,2604490,0,29,0,0,137864,-2604490,15456290,0,523,15456290,0,-0.165326659,-0.160628769,0.161507511,0.990387053,-0.061436899,-0.164072178,-0.229660142,-0.119556803,-0.164855856,-0.12222778,-0.39918698,10.68468545,-0.166591567,-0.31674074,0.409824348,-0.161849625
12,0,1000000,0,0,0,1465734,38559,40,0,369721,425688,378082,0,213625,1607,2047593,1843816,-0.042193957,-0.160628769,0.161507511,-0.163712603,-0.104969945,-0.075262551,-0.222052659,-0.119556803,-0.073785202,-0.044327693,-0.126476149,-0.014299561,-0.069972453,0.168889053,-0.086327454,-0.111152391
13,0,850000,0,0,0,765313,84208,14,0,831809,272,189041,0,248546,2475,2014835,954354,-0.060663863,-0.160628769,0.161507511,-0.163712603,-0.131746057,0.029876863,-0.240033983,-0.119556803,0.040037536,-0.159467304,-0.143761072,-0.014299561,-0.054178252,0.557751286,-0.087539573,-0.135608879
14,0,0,0,-113784,113784,0,1279,0,0,0,0,0,0,0,0,1279,0,-0.165326659,-0.160628769,0.113824901,0.788806367,-0.161002901,-0.161126367,-0.249716235,-0.119556803,-0.164855856,-0.159540921,-0.161045995,-0.014299561,-0.166591567,-0.551043675,-0.162045652,-0.161849625
15,1,1350000,0,-833,0,0,65907,27,0,974293,1621,252055,0,278601,1858,2669589,252055,0.000902488,-0.160628769,0.161158432,-0.163712603,-0.161002901,-0.012274256,-0.231043321,-0.119556803,0.075134571,-0.159102194,-0.137999401,-0.014299561,-0.040584864,0.281336542,-0.063312209,-0.154919166
16,0,0,0,0,0,0,49288,41,0,0,0,0,0,0,1486,49288,0,-0.165326659,-0.160628769,0.161507511,-0.163712603,-0.161002901,-0.050551369,-0.22136107,-0.119556803,-0.164855856,-0.159540921,-0.161045995,-0.014299561,-0.166591567,0.114681299,-0.160269211,-0.161849625
17,0,500000,0,0,0,825464,600,125,0,304805,1215,189041,0,248017,1088,1054637,1014505,-0.103760308,-0.160628769,0.161507511,-0.163712603,-0.129446569,-0.16269025,-0.163267561,-0.119556803,-0.089775483,-0.159212079,-0.143761072,-0.014299561,-0.05441751,-0.06362189,-0.123069048,-0.133954977
18,0,750000,0,-75000,0,0,9410,0,0,175000,150656,417619,0,261516,0,1271582,417619,-0.072977133,-0.160628769,0.130077822,-0.163712603,-0.161002901,-0.142398935,-0.249716235,-0.119556803,-0.121749394,-0.118765602,-0.122861092,-0.014299561,-0.048312132,-0.551043675,-0.115041597,-0.150366848
19,0,900000,649584,-694862,0,2542813,0,1053,0,769862,400572,901657,0,330546,3523,2355702,3444470,-0.054507228,0.075533559,-0.129683111,-0.163712603,-0.063794724,-0.164072178,0.478527392,-0.119556803,0.024778587,-0.051125384,-0.078603181,-0.014299561,-0.017090985,1.027253152,-0.074926731,-0.067141095
20,1,1250000,0,-262500,0,0,35818,144,0,375304,486,126027,0,240189,2598,1639297,126027,-0.011410782,-0.160628769,0.051503599,-0.163712603,-0.161002901,-0.081575661,-0.150127363,-0.119556803,-0.072409983,-0.159409384,-0.149522744,-0.014299561,-0.057957987,0.612855035,-0.101435319,-0.158384409
21,0,300000,0,-159792,0,0,0,15,0,75000,540,307301,-307301,261809,312,477557,0,-0.128386848,-0.160628769,0.094544672,-0.163712603,-0.161002901,-0.164072178,-0.239342394,-0.119556803,-0.146381658,-0.159394769,-0.132947994,-0.227016118,-0.048179613,-0.41126831,-0.1444223,-0.161849625
22,1,1000000,0,-235000,0,0,30674,49,0,350000,307895,2502063,0,415189,1892,1868758,2502063,-0.042193957,-0.160628769,0.063027818,-0.163712603,-0.161002901,-0.093423393,-0.215828355,-0.119556803,-0.078642931,-0.076208582,0.067729599,-0.014299561,0.021191667,0.296568473,-0.092944749,-0.093053349
23,0,0,0,-98784,98784,0,0,0,0,0,0,32460,-32460,0,0,0,0,-0.165326659,-0.160628769,0.120110839,0.663237002,-0.161002901,-0.164072178,-0.249716235,-0.119556803,-0.164855856,-0.159540921,-0.158078022,-0.036768669,-0.166591567,-0.551043675,-0.162092978,-0.161849625
24,0,0,0,0,0,5127155,0,0,0,0,0,950730,0,0,0,0,6077885,-0.165326659,-0.160628769,0.161507511,-0.163712603,0.035001047,-0.164072178,-0.249716235,-0.119556803,-0.164855856,-0.159540921,-0.074116202,-0.014299561,-0.166591567,-0.551043675,-0.162092978,0.005266812
25,0,0,0,0,0,0,0,0,0,0,0,662086,-472568,0,0,0,189518,-0.165326659,-0.160628769,0.161507511,-0.163712603,-0.161002901,-0.164072178,-0.249716235,-0.119556803,-0.164855856,-0.159540921,-0.100508304,-0.341415444,-0.166591567,-0.551043675,-0.162092978,-0.156638672
26,1,1200000,27610,-144062,0,0,16514,40,0,0,101740,698242,0,288542,1758,1490344,698242,-0.017567417,-0.150590896,0.101136526,-0.163712603,-0.161002901,-0.126036903,-0.222052659,-0.119556803,-0.164855856,-0.132004806,-0.097202388,-0.014299561,-0.036088712,0.236536746,-0.106946914,-0.142650888
27,0,0,0,0,0,651850,0,12,0,0,0,386335,0,0,764,0,1038185,-0.165326659,-0.160628769,0.161507511,-0.163712603,-0.136083589,-0.164072178,-0.241417162,-0.119556803,-0.164855856,-0.159540921,-0.125721538,-0.014299561,-0.166591567,-0.20877323,-0.162092978,-0.133303876
28,0,800000,0,-41250,0,117551,27861,33,0,0,494,378082,0,314288,102,1101393,495633,-0.066820498,-0.160628769,0.144221182,-0.163712603,-0.156509091,-0.099902334,-0.226893785,-0.119556803,-0.164855856,-0.159407219,-0.126476149,-0.014299561,-0.024444214,-0.505347882,-0.121338971,-0.148221789
29,0,325000,0,0,0,0,22344,0,0,275000,713,207940,0,184899,0,807956,207940,-0.125308531,-0.160628769,0.161507511,-0.163712603,-0.161002901,-0.112609165,-0.249716235,-0.119556803,-0.097117129,-0.159347946,-0.142033046,-0.014299561,-0.082964755,-0.551043675,-0.132196797,-0.156132144
30,0,600000,0,0,0,17378,41626,74,0,335349,25553,141833,0,206121,714,1208649,159211,-0.091447038,-0.160628769,0.161507511,-0.163712603,-0.160338564,-0.068198594,-0.19853862,-0.119556803,-0.082251804,-0.152624955,-0.148077525,-0.014299561,-0.07336639,-0.231173129,-0.117370259,-0.157471988
31,1,3000000,0,0,0,2291113,86174,3069,0,1294981,1661,1323148,0,365163,3093,4747979,3614261,0.204071445,-0.160628769,0.161507511,-0.163712603,-0.073416863,0.034404981,1.872771599,-0.119556803,0.154127287,-0.159091368,-0.040064242,-0.014299561,-0.001434279,0.834614027,0.013592873,-0.062472552
32,0,800000,0,-1284000,0,8831913,51124,909,0,484000,7482,1787380,-1787380,492375,2181,550981,8831913,-0.066820498,-0.160628769,-0.376568767,-0.163712603,0.176628752,-0.046322668,0.37893852,-0.119556803,-0.045635697,-0.157515904,0.002382712,-1.251540311,0.05610164,0.426039884,-0.141705447,0.080991073
33,0,425000,875307,-775241,0,2027865,52255,0,0,415657,1105,315068,-315068,210500,0,1204583,2027865,-0.112995261,0.157597263,-0.163366937,-0.163712603,-0.083480465,-0.043717733,-0.249716235,-0.119556803,-0.062470125,-0.159241851,-0.13223782,-0.232392506,-0.071385839,-0.551043675,-0.11752071,-0.106091812
34,0,600000,0,0,0,1550019,3475,63,0,556416,473,315068,0,250100,2572,1410464,1865087,-0.091447038,-0.160628769,0.161507511,-0.163712603,-0.101747847,-0.156068509,-0.206146103,-0.119556803,-0.027797996,-0.159412903,-0.13223782,-0.014299561,-0.053475403,0.601207088,-0.109902653,-0.110567527
35,0,1000000,0,0,0,8191755,35812,0,0,694862,374689,126027,0,262788,0,2368151,8317782,-0.042193957,-0.160628769,0.161507511,-0.163712603,0.152156409,-0.08158948,-0.249716235,-0.119556803,0.006304389,-0.058130665,-0.149522744,-0.014299561,-0.047736827,-0.551043675,-0.07446609,0.066854619
36,0,70000,0,0,0,0,28164,14,0,0,774,0,0,221003,176,319941,0,-0.15670737,-0.160628769,0.161507511,-0.163712603,-0.161002901,-0.09920446,-0.240033983,-0.119556803,-0.164855856,-0.159331436,-0.161045995,-0.014299561,-0.066635503,-0.472196033,-0.150254445,-0.161849625
37,0,800000,0,-300000,0,765920,96268,22,0,0,891,315068,0,278601,865,875760,1080988,-0.066820498,-0.160628769,0.035788754,-0.163712603,-0.131722853,0.057653623,-0.234501268,-0.119556803,-0.164855856,-0.15929977,-0.13223782,-0.014299561,-0.040584864,-0.163525436,-0.129687897,-0.132126973
38,0,0,0,-25000,102492,371750,0,0,0,0,0,0,0,0,0,77492,371750,-0.165326659,-0.160628769,0.151030948,0.694277749,-0.146791419,-0.164072178,-0.249716235,-0.119556803,-0.164855856,-0.159540921,-0.161045995,-0.014299561,-0.166591567,-0.551043675,-0.1592256,-0.151628054
39,0,750000,0,0,0,1451869,25785,12,0,1105218,1568,189041,0,210692,904,2093263,1640910,-0.072977133,-0.160628769,0.161507511,-0.163712603,-0.105499984,-0.104683806,-0.241417162,-0.119556803,0.107384363,-0.159116539,-0.143761072,-0.014299561,-0.071299001,-0.146053515,-0.084637561,-0.116731458
40,0,200000,0,0,0,601438,21530,0,0,2234774,53775,407503,0,182245,0,2692324,1008941,-0.140700118,-0.160628769,0.161507511,-0.163712603,-0.138010769,-0.114483982,-0.249716235,-0.119556803,0.385619584,-0.14498662,-0.123786046,-0.014299561,-0.084165116,-0.551043675,-0.062470963,-0.134107964
41,0,350000,0,-400729,0,4890344,78552,0,0,0,12961,1788391,0,170941,0,211725,6678735,-0.122230213,-0.160628769,-0.006422994,-0.163712603,0.025948095,0.016849884,-0.249716235,-0.119556803,-0.164855856,-0.156033003,0.002475152,-0.014299561,-0.089277732,-0.551043675,-0.154258679,0.021787676
42,0,2500000,0,0,0,940257,95924,75,0,374347,401481,1392142,0,304588,1755,3676340,2332399,0.142505094,-0.160628769,0.161507511,-0.163712603,-0.125058194,0.056861317,-0.197847031,-0.119556803,-0.072645714,-0.050879362,-0.03375579,-0.014299561,-0.028831367,0.235192752,-0.026060169,-0.0977184
43,1,1300000,0,-1386055,0,0,55921,0,0,1736055,277464,1794412,0,440698,0,2424083,1794412,-0.005254147,-0.160628769,-0.419336192,-0.163712603,-0.161002901,-0.035274151,-0.249716235,-0.119556803,0.262773801,-0.084444787,0.003025681,-0.014299561,0.032728973,-0.551043675,-0.072396481,-0.112510794
44,0,350000,0,0,0,664461,23870,16,0,556416,285414,956775,0,199157,936,1414857,1621236,-0.122230213,-0.160628769,0.161507511,-0.163712603,-0.135601488,-0.109094461,-0.238650804,-0.119556803,-0.027797996,-0.082293105,-0.073563478,-0.014299561,-0.076516094,-0.131717581,-0.109740102,-0.117272411
45,0,0,0,0,0,1324578,0,36,0,0,0,560170,0,0,517,0,1884748,-0.165326659,-0.160628769,0.161507511,-0.163712603,-0.110366141,-0.164072178,-0.224819017,-0.119556803,-0.164855856,-0.159540921,-0.109826972,-0.014299561,-0.166591567,-0.319428727,-0.162092978,-0.110026932
46,0,0,181755,0,0,343434,0,13,0,0,0,0,0,0,57,181755,343434,-0.165326659,-0.094550042,0.161507511,-0.163712603,-0.1478739,-0.164072178,-0.240725573,-0.119556803,-0.164855856,-0.159540921,-0.161045995,-0.014299561,-0.166591567,-0.525507791,-0.155367636,-0.152406626
47,0,2000000,6426990,-3367011,0,10433518,86987,21,2000000,1617011,7427621,4188667,0,1060932,3275,17252530,14622185,0.080938744,2.175963454,-1.249480608,-0.163712603,0.237855866,0.036277494,-0.235192858,0.087005442,0.233450568,1.850758148,0.221943874,-0.014299561,0.313250727,0.916149657,0.476289249,0.240199355
48,0,0,50591,0,0,176378,0,0,0,0,0,0,0,0,0,50591,176378,-0.165326659,-0.142235939,0.161507511,-0.163712603,-0.154260217,-0.164072178,-0.249716235,-0.119556803,-0.164855856,-0.159540921,-0.161045995,-0.014299561,-0.166591567,-0.551043675,-0.160220997,-0.156999967
49,0,509870,73122,-1042,0,83237,50080,0,0,0,76547,235370,0,192008,0,900585,318607,-0.102544988,-0.134044583,0.161070848,-0.163712603,-0.157820867,-0.048727223,-0.249716235,-0.119556803,-0.164855856,-0.138823337,-0.13952499,-0.014299561,-0.07974947,-0.551043675,-0.128769317,-0.153089264
50,0,850000,0,0,0,636246,48405,44,0,375304,60814,259907,0,231946,209,1566469,896153,-0.060663863,-0.160628769,0.161507511,-0.163712603,-0.136680108,-0.052585107,-0.219286302,-0.119556803,-0.072409983,-0.143081502,-0.137281455,-0.014299561,-0.061686162,-0.4574121,-0.104130118,-0.137209163
51,0,0,0,0,0,1753766,0,0,0,0,0,264013,-72419,0,0,0,1945360,-0.165326659,-0.160628769,0.161507511,-0.163712603,-0.093958885,-0.164072178,-0.249716235,-0.119556803,-0.164855856,-0.159540921,-0.136906023,-0.064428653,-0.166591567,-0.551043675,-0.162092978,-0.108360355
52,0,0,504610,0,0,2218275,0,12,0,461912,0,0,0,0,169,966522,2218275,-0.165326659,0.022826908,0.161507511,-0.163712603,-0.076201357,-0.164072178,-0.241417162,-0.119556803,-0.051076471,-0.159540921,-0.161045995,-0.014299561,-0.166591567,-0.475332019,-0.1263295,-0.100856333
53,0,0,0,0,0,9803,0,0,0,0,0,75838,0,0,0,0,85641,-0.165326659,-0.160628769,0.161507511,-0.163712603,-0.160628146,-0.164072178,-0.249716235,-0.119556803,-0.164855856,-0.159540921,-0.154111764,-0.014299561,-0.166591567,-0.551043675,-0.162092978,-0.159494856
54,1,600000,0,0,0,384728,125978,16,0,71023,200308,393818,0,274975,873,1272284,778546,-0.091447038,-0.160628769,0.161507511,-0.163712603,-0.146295288,0.126082109,-0.238650804,-0.119556803,-0.147361283,-0.105327198,-0.125037331,-0.014299561,-0.042224845,-0.159941452,-0.115015622,-0.140442864
55,0,750000,0,0,0,436515,0,0,0,304805,819288,441096,0,272880,0,2146973,877611,-0.072977133,-0.160628769,0.161507511,-0.163712603,-0.144315544,-0.164072178,-0.249716235,-0.119556803,-0.089775483,0.062200859,-0.120714477,-0.014299561,-0.043172379,-0.551043675,-0.082650171,-0.13771899
56,0,0,0,0,119292,0,0,0,0,0,0,0,0,0,0,119292,0,-0.165326659,-0.160628769,0.161507511,0.834915437,-0.161002901,-0.164072178,-0.249716235,-0.119556803,-0.164855856,-0.159540921,-0.161045995,-0.014299561,-0.166591567,-0.551043675,-0.157678907,-0.161849625
57,0,0,93585,0,0,0,0,0,0,365625,680833,0,0,6615,0,1146658,0,-0.165326659,-0.126605069,0.161507511,-0.163712603,-0.161002901,-0.164072178,-0.249716235,-0.119556803,-0.07479414,0.024727763,-0.161045995,-0.014299561,-0.16359971,-0.551043675,-0.119664065,-0.161849625
58,0,1150000,2157527,-934484,0,608750,76169,1941,0,983346,52382,524169,-329825,374125,4009,3859065,803094,-0.023724052,0.623760316,-0.23009971,-0.163712603,-0.137731241,0.011361326,1.092658769,-0.119556803,0.07736453,-0.145363638,-0.113118715,-0.242607436,0.002619088,1.244980162,-0.019298935,-0.139767896
59,1,1500000,0,-3117011,0,5538001,34039,32,0,1617011,11350,853064,0,243293,1045,288682,6391065,0.019372393,-0.160628769,-1.144714977,-0.163712603,0.050707114,-0.085673078,-0.227585374,-0.119556803,0.233450568,-0.156469023,-0.083046271,-0.014299561,-0.056554099,-0.082885803,-0.151411098,0.013877954
60,0,0,0,0,0,0,475,19,0,0,0,2217299,0,0,573,475,2217299,-0.165326659,-0.160628769,0.161507511,-0.163712603,-0.161002901,-0.162978151,-0.236576036,-0.119556803,-0.164855856,-0.159540921,0.041692263,-0.014299561,-0.166591567,-0.294340841,-0.162075402,-0.100883169
61,0,0,7961,0,0,0,0,12,0,0,0,151418,0,0,504,7961,151418,-0.165326659,-0.157734473,0.161507511,-0.163712603,-0.161002901,-0.164072178,-0.241417162,-0.119556803,-0.164855856,-0.159540921,-0.147201123,-0.014299561,-0.166591567,-0.325252701,-0.161798403,-0.157686263
62,0,0,0,0,0,0,0,1061,0,0,0,346663,0,0,2649,0,346663,-0.165326659,-0.160628769,0.161507511,-0.163712603,-0.161002901,-0.164072178,0.484060107,-0.119556803,-0.164855856,-0.159540921,-0.129348938,-0.014299561,-0.166591567,0.635702931,-0.162092978,-0.152317842
63,0,700000,0,-280000,0,187500,48357,0,0,150000,416441,480632,0,262663,0,1297461,668132,-0.079133768,-0.160628769,0.044170005,-0.163712603,-0.153835038,-0.052695661,-0.249716235,-0.119556803,-0.12790746,-0.04683041,-0.117099512,-0.014299561,-0.047793362,-0.551043675,-0.114084017,-0.143478787
64,0,1700000,0,0,0,0,98849,27,0,69223,1936,441096,0,211788,1320,2081796,441096,0.043998933,-0.160628769,0.161507511,-0.163712603,-0.161002901,0.063598218,-0.231043321,-0.119556803,-0.147804664,-0.159016939,-0.120714477,-0.014299561,-0.070803298,0.040313637,-0.085061866,-0.149721329
65,1,0,10259,0,0,30766064,77978,0,0,0,2856,0,0,0,0,91093,30766064,-0.165326659,-0.156899014,0.161507511,-0.163712603,1.015140594,0.01552784,-0.249716235,-0.119556803,-0.164855856,-0.158767939,-0.161045995,-0.014299561,-0.166591567,-0.551043675,-0.158722333,0.684088561
66,0,0,3131860,0,0,5210569,0,1073,0,0,0,2046079,0,0,2350,3131860,7256648,-0.165326659,0.977988176,0.161507511,-0.163712603,0.038189847,-0.164072178,0.492359179,-0.119556803,-0.164855856,-0.159540921,0.026036799,-0.014299561,-0.166591567,0.50175154,-0.046207148,0.037677869
67,0,0,0,0,0,754966,0,34,0,0,0,363428,0,0,719,0,1118394,-0.165326659,-0.160628769,0.161507511,-0.163712603,-0.132141609,-0.164072178,-0.226202195,-0.119556803,-0.164855856,-0.159540921,-0.127816034,-0.014299561,-0.166591567,-0.228933139,-0.162092978,-0.131098464
68,0,0,2964506,0,0,2282768,4994,17,0,0,0,0,0,130724,128,3100224,2282768,-0.165326659,0.917145067,0.161507511,-0.163712603,-0.07373588,-0.152569927,-0.237959215,-0.119556803,-0.164855856,-0.159540921,-0.161045995,-0.014299561,-0.107467227,-0.493699935,-0.04737775,-0.099083045
69,0,0,0,0,0,2165172,28093,19,0,312500,1553729,3654808,0,85274,496,1979596,5819980,-0.165326659,-0.160628769,0.161507511,-0.163712603,-0.07823141,-0.099367988,-0.236576036,-0.119556803,-0.08788003,0.260978645,0.173130591,-0.014299561,-0.128023523,-0.328836685,-0.088843495,-0.001824497
70,0,250000,0,0,0,185063,10181,56,0,0,2435,540672,0,288558,258,551174,725735,-0.134543483,-0.160628769,0.161507511,-0.163712603,-0.153928202,-0.140623157,-0.210987229,-0.119556803,-0.164855856,-0.158881884,-0.111609767,-0.014299561,-0.036081475,-0.4354602,-0.141698306,-0.141894946
71,0,0,0,-25000,108750,431750,0,0,0,0,0,44093,-44093,0,0,83750,431750,-0.165326659,-0.160628769,0.151030948,0.746665288,-0.144497703,-0.164072178,-0.249716235,-0.119556803,-0.164855856,-0.159540921,-0.157014361,-0.044821138,-0.166591567,-0.551043675,-0.15899404,-0.149978305
72,0,400000,0,0,0,850010,83585,14368,0,323466,4669,126027,0,275101,4607,1086821,976037,-0.116073578,-0.160628769,0.161507511,-0.163712603,-0.12850821,0.02844196,9.687040102,-0.119556803,-0.085178856,-0.158277248,-0.149522744,-0.014299561,-0.042167857,1.512882944,-0.121878168,-0.135012687
73,0,1000000,0,0,0,2022048,41953,6759,0,300000,1231,4131594,0,404338,12754,1747522,6153642,-0.042193957,-0.160628769,0.161507511,-0.163712603,-0.08370284,-0.067445443,4.424736443,-0.119556803,-0.090959063,-0.159207749,0.216725416,-0.014299561,0.016283936,5.162722355,-0.097430752,0.007349813
74,0,0,0,-51042,0,0,116335,0,0,0,465357,1034346,0,174246,0,704896,1034346,-0.165326659,-0.160628769,0.140117721,-0.163712603,-0.161002901,0.103872217,-0.249716235,-0.119556803,-0.164855856,-0.033591207,-0.066470791,-0.014299561,-0.087782934,-0.551043675,-0.136010248,-0.133409433
75,0,3100000,0,0,0,81042,5774,1728,0,0,93925,466101,0,271442,8305,3471141,547143,0.216384715,-0.160628769,0.161507511,-0.163712603,-0.157904779,-0.150773421,0.945350229,-0.119556803,-0.164855856,-0.13411995,-0.11842815,-0.014299561,-0.043822764,3.169579414,-0.033652991,-0.146805479
76,1,700000,0,0,0,671737,127017,61,0,300000,150458,1248318,0,309946,2374,1587421,1920055,-0.079133768,-0.160628769,0.161507511,-0.163712603,-0.135323337,0.128475149,-0.207529282,-0.119556803,-0.090959063,-0.118819191,-0.046906307,-0.014299561,-0.02640803,0.512503491,-0.103354848,-0.109056137
77,1,800000,0,0,0,0,118134,0,0,602671,907502,985032,0,224305,0,2652612,985032,-0.066820498,-0.160628769,0.161507511,-0.163712603,-0.161002901,0.108015699,-0.249716235,-0.119556803,-0.016404342,0.086076138,-0.070979806,-0.014299561,-0.065142062,-0.551043675,-0.063940396,-0.134765362
78,0,8000000,0,0,0,4158995,49537,2585,0,2035380,1552,1008149,0,339288,7259,10425757,5167144,0.819734951,-0.160628769,0.161507511,-0.163712603,-0.002010352,-0.049977868,1.538042335,-0.119556803,0.336504326,-0.159120869,-0.068866108,-0.014299561,-0.013137121,2.700973544,0.223683367,-0.019774759
79,1,7000000,202911,-300000,0,34348384,99832,36,81525000,3600000,10359729,14761694,0,1072321,4273,103559793,49110078,0.69660225,-0.08685858,0.035788754,-0.163712603,1.152087666,0.065862277,-0.224819017,8.300436725,0.721905661,2.644338486,1.188686331,-0.014299561,0.318401786,1.363251624,3.669851162,1.188472286
80,0,1000000,0,0,0,0,0,63,0,1387399,3083,360528,0,273746,2822,2664228,360528,-0.042193957,-0.160628769,0.161507511,-0.163712603,-0.161002901,-0.164072178,-0.206146103,-0.119556803,0.176891933,-0.158706501,-0.128081195,-0.014299561,-0.042780702,0.713206579,-0.063510578,-0.151936612
81,0,0,0,-25000,112492,412878,0,0,0,0,0,0,0,0,0,87492,412878,-0.165326659,-0.160628769,0.151030948,0.777990659,-0.145219153,-0.164072178,-0.249716235,-0.119556803,-0.164855856,-0.159540921,-0.161045995,-0.014299561,-0.166591567,-0.551043675,-0.158855578,-0.150497206
82,0,0,0,0,0,850477,0,26,0,0,0,0,0,0,952,0,850477,-0.165326659,-0.160628769,0.161507511,-0.163712603,-0.128490357,-0.164072178,-0.231734911,-0.119556803,-0.164855856,-0.159540921,-0.161045995,-0.014299561,-0.166591567,-0.124549613,-0.162092978,-0.138465062
83,0,200000,204075,0,0,2549361,57727,0,0,175000,2630,514847,0,236457,0,875889,3064208,-0.140700118,-0.086435397,0.161507511,-0.163712603,-0.063544404,-0.031114546,-0.249716235,-0.119556803,-0.121749394,-0.158829107,-0.11397107,-0.014299561,-0.05964591,-0.551043675,-0.129683124,-0.077596711
84,0,0,0,0,0,372205,0,0,0,0,0,153686,-153686,0,0,0,372205,-0.165326659,-0.160628769,0.161507511,-0.163712603,-0.146774025,-0.164072178,-0.249716235,-0.119556803,-0.164855856,-0.159540921,-0.146993749,-0.120682413,-0.166591567,-0.551043675,-0.162092978,-0.151615543
85,0,0,85430,0,0,2070306,8211,230,0,5145434,2818454,0,0,349487,1522,8407016,2070306,-0.165326659,-0.129569895,0.161507511,-0.163712603,-0.081858005,-0.145160488,-0.090650675,-0.119556803,1.10258105,0.603278756,-0.161045995,-0.014299561,-0.008524279,0.130809226,0.148985432,-0.104924862
86,0,0,0,0,0,664375,0,215,0,0,0,94556,0,0,1433,0,758931,-0.165326659,-0.160628769,0.161507511,-0.163712603,-0.135604776,-0.164072178,-0.101024516,-0.119556803,-0.164855856,-0.159540921,-0.152400288,-0.014299561,-0.166591567,0.090937407,-0.162092978,-0.140982194
87,0,900000,0,-125000,0,506765,228763,49,0,0,51587,441096,0,263413,1744,1318763,947861,-0.054507228,-0.160628769,0.109124696,-0.163712603,-0.141629985,0.362817955,-0.215828355,-0.119556803,-0.164855856,-0.145578806,-0.120714477,-0.014299561,-0.04745415,0.230264774,-0.113295795,-0.135787409
88,0,1100000,0,0,0,1623010,81364,2742,0,554422,540,1478269,0,365038,3329,2101364,3101279,-0.029880687,-0.160628769,0.161507511,-0.163712603,-0.098957504,0.023326522,1.646621869,-0.119556803,-0.028289164,-0.159394769,-0.025880786,-0.014299561,-0.001490815,0.940341547,-0.084337806,-0.076577413
89,0,0,0,0,0,757301,0,13,0,0,0,934065,0,0,894,0,1691366,-0.165326659,-0.160628769,0.161507511,-0.163712603,-0.132052345,-0.164072178,-0.240725573,-0.119556803,-0.164855856,-0.159540921,-0.075639962,-0.014299561,-0.166591567,-0.150533495,-0.162092978,-0.115344129
90,0,2600000,0,0,0,1104054,137108,48,0,694862,297353,558801,0,370448,2355,4099771,1662855,0.154818365,-0.160628769,0.161507511,-0.163712603,-0.118796464,0.151716881,-0.216519944,-0.119556803,0.006304389,-0.079061793,-0.109952146,-0.014299561,0.00095604,0.50399153,-0.010392274,-0.116128062
91,0,0,0,-103750,103750,0,148,0,0,0,0,0,0,0,0,148,0,-0.165326659,-0.160628769,0.118029774,0.704808833,-0.161002901,-0.163731302,-0.249716235,-0.119556803,-0.164855856,-0.159540921,-0.161045995,-0.014299561,-0.166591567,-0.551043675,-0.162087501,-0.161849625
92,0,600000,0,0,0,0,94299,29,0,0,1740,585062,0,365788,807,1061827,585062,-0.091447038,-0.160628769,0.161507511,-0.163712603,-0.161002901,0.053118595,-0.229660142,-0.119556803,-0.164855856,-0.159069987,-0.107550977,-0.014299561,-0.001151602,-0.189509318,-0.122803002,-0.145762865
93,0,0,0,-38346,38346,0,2151,0,0,0,0,0,0,0,0,2151,0,-0.165326659,-0.160628769,0.145438139,0.15729292,-0.161002901,-0.159117965,-0.249716235,-0.119556803,-0.164855856,-0.159540921,-0.161045995,-0.014299561,-0.166591567,-0.551043675,-0.162013386,-0.161849625
94,0,0,1848227,0,0,493489,0,28,0,0,0,462384,0,0,232,1848227,955873,-0.165326659,0.511311414,0.161507511,-0.163712603,-0.142137508,-0.164072178,-0.230351732,-0.119556803,-0.164855856,-0.159540921,-0.118768014,-0.014299561,-0.166591567,-0.447108147,-0.093704442,-0.135567112
95,0,0,0,0,0,59539,0,19,0,0,0,161602,0,0,672,0,221141,-0.165326659,-0.160628769,0.161507511,-0.163712603,-0.158726808,-0.164072178,-0.236576036,-0.119556803,-0.164855856,-0.159540921,-0.146269951,-0.014299561,-0.166591567,-0.249989043,-0.162092978,-0.155769172
96,0,325000,0,0,0,0,35018,0,0,0,1411,208510,0,267093,0,628522,208510,-0.125308531,-0.160628769,0.161507511,-0.163712603,-0.161002901,-0.083418232,-0.249716235,-0.119556803,-0.164855856,-0.159159031,-0.141980928,-0.014299561,-0.045789745,-0.551043675,-0.138836257,-0.156116472
97,0,1100000,842924,-719000,0,1056320,0,16,0,1725545,947,360528,0,251654,136,3202070,1416848,-0.029880687,0.145824121,-0.139798442,-0.163712603,-0.120621268,-0.164072178,-0.238650804,-0.119556803,0.26018495,-0.159284614,-0.128081195,-0.014299561,-0.052772554,-0.490115952,-0.04360922,-0.122892226
98,0,400000,0,0,0,400478,57580,45,0,125000,330,196983,0,229284,2192,812194,597461,-0.116073578,-0.160628769,0.161507511,-0.163712603,-0.145693188,-0.031453119,-0.218594712,-0.119556803,-0.134065526,-0.159451606,-0.143034897,-0.014299561,-0.062890141,0.430967862,-0.132039982,-0.145421945
99,0,0,774401,0,0,0,0,0,0,0,0,463261,-94556,0,0,774401,368705,-0.165326659,0.120911945,0.161507511,-0.163712603,-0.161002901,-0.164072178,-0.249716235,-0.119556803,-0.164855856,-0.159540921,-0.118687825,-0.079752087,-0.166591567,-0.551043675,-0.133438407,-0.151711779
100,0,750000,77716,0,0,1637034,63791,52,0,100000,972,969729,0,329078,1184,1321557,2606763,-0.072977133,-0.132374392,0.161507511,-0.163712603,-0.098421386,-0.017147857,-0.213753587,-0.119556803,-0.140223592,-0.159277847,-0.072379032,-0.014299561,-0.017754938,-0.020614086,-0.113192411,-0.090174537
101,0,0,0,0,0,5266578,18834,0,0,135836,176,2041016,0,94941,0,249787,7307594,-0.165326659,-0.160628769,0.161507511,-0.163712603,0.040330993,-0.120693446,-0.249716235,-0.119556803,-0.131396374,-0.159493286,0.025573865,-0.014299561,-0.123651296,-0.551043675,-0.1528503,0.039078671
102,0,1000000,0,0,0,15364167,32047,0,0,0,1829457,8453763,0,261879,0,3123383,23817930,-0.042193957,-0.160628769,0.161507511,-0.163712603,0.426347664,-0.09026108,-0.249716235,-0.119556803,-0.164855856,0.335604928,0.611922012,-0.014299561,-0.048147953,-0.551043675,-0.046520816,0.493043913
103,0,0,0,-101250,101250,0,27942,0,0,0,0,0,0,0,0,27942,0,-0.165326659,-0.160628769,0.11907743,0.683880606,-0.161002901,-0.099715774,-0.249716235,-0.119556803,-0.164855856,-0.159540921,-0.161045995,-0.014299561,-0.166591567,-0.551043675,-0.161059061,-0.161849625
104,0,300000,0,0,0,28798,31653,67,400000,0,0,0,0,655037,898,1386690,28798,-0.128386848,-0.160628769,0.161507511,-0.163712603,-0.159901993,-0.091168547,-0.203379746,-0.078244354,-0.164855856,-0.159540921,-0.161045995,-0.014299561,0.129671018,-0.148741503,-0.110782344,-0.161057801
105,0,400000,1130036,-33333,0,880290,43057,222,0,0,778,409554,-409554,197091,1238,1737629,880290,-0.116073578,0.25020637,0.1475389,-0.163712603,-0.127350648,-0.064902695,-0.09618339,-0.119556803,-0.164855856,-0.159330354,-0.123598513,-0.297796578,-0.077450512,0.003577804,-0.097796815,-0.137645329
106,0,0,0,0,0,0,0,16,0,0,0,47304,0,0,58,0,47304,-0.165326659,-0.160628769,0.161507511,-0.163712603,-0.161002901,-0.164072178,-0.238650804,-0.119556803,-0.164855856,-0.159540921,-0.156720764,-0.014299561,-0.166591567,-0.525059793,-0.162092978,-0.160548963
107,0,0,0,-17500,17500,0,0,26,0,0,0,0,0,0,653,0,0,-0.165326659,-0.160628769,0.154173917,-0.017215011,-0.161002901,-0.164072178,-0.231734911,-0.119556803,-0.164855856,-0.159540921,-0.161045995,-0.014299561,-0.166591567,-0.258501004,-0.162092978,-0.161849625
108,0,0,564348,0,0,886231,0,0,0,0,0,208809,0,0,0,564348,1095040,-0.165326659,0.044545216,0.161507511,-0.163712603,-0.127123532,-0.164072178,-0.249716235,-0.119556803,-0.164855856,-0.159540921,-0.141953589,-0.014299561,-0.166591567,-0.551043675,-0.141210838,-0.131740602
109,0,0,0,0,0,7509039,14689,221,0,0,0,381285,0,96840,1671,111529,7890324,-0.165326659,-0.160628769,0.161507511,-0.163712603,0.126057133,-0.130240268,-0.09687498,-0.119556803,-0.164855856,-0.159540921,-0.126183283,-0.014299561,-0.122792409,0.197560923,-0.157966155,0.055101311
110,0,100000,51365,-200000,0,4160672,8409,0,0,156250,202052,201483,-140264,76399,0,394475,4221891,-0.153013389,-0.141954544,0.077695006,-0.163712603,-0.001946243,-0.144704452,-0.249716235,-0.119556803,-0.126367943,-0.104855181,-0.142623441,-0.111391582,-0.132037541,-0.551043675,-0.14749652,-0.045765266
111,1,1750000,0,-3504386,0,19794175,46950,18,0,1617011,174839,2748364,0,420636,905,505050,22542539,0.050155568,-0.160628769,-1.307049322,-0.163712603,0.59570066,-0.055936283,-0.237267626,-0.119556803,0.233450568,-0.112220429,0.090250078,-0.014299561,0.023655257,-0.145605518,-0.143404997,0.457975991
112,1,700000,214678,-100000,0,1635238,33271,82,0,0,1950,283649,0,249201,1328,1099100,1918887,-0.079133768,-0.082580578,0.119601259,-0.163712603,-0.098490044,-0.087441947,-0.193005905,-0.119556803,-0.164855856,-0.15901315,-0.13511061,-0.014299561,-0.053882006,0.043897621,-0.121423818,-0.109088252
113,0,0,0,-121284,125034,0,0,0,0,0,0,0,0,0,0,3750,0,-0.165326659,-0.160628769,0.110681932,0.88298339,-0.161002901,-0.164072178,-0.249716235,-0.119556803,-0.164855856,-0.159540921,-0.161045995,-0.014299561,-0.166591567,-0.551043675,-0.161954219,-0.161849625
114,0,0,0,0,0,759557,0,0,0,0,0,0,0,0,0,0,759557,-0.165326659,-0.160628769,0.161507511,-0.163712603,-0.131966101,-0.164072178,-0.249716235,-0.119556803,-0.164855856,-0.159540921,-0.161045995,-0.014299561,-0.166591567,-0.551043675,-0.162092978,-0.140964982
115,0,2000000,0,0,0,1441898,178979,2681,0,554422,1191,630137,0,304110,3221,3038702,2072035,0.080938744,-0.160628769,0.161507511,-0.163712603,-0.105881161,0.248154752,1.604434916,-0.119556803,-0.028289164,-0.159218575,-0.103429554,-0.014299561,-0.029047558,0.891957767,-0.049654202,-0.104877322
116,0,650000,0,0,0,607837,137767,1215,0,0,705,379164,0,269076,15149,1057548,987001,-0.085290403,-0.160628769,0.161507511,-0.163712603,-0.137766144,0.153234699,0.590564873,-0.119556803,-0.164855856,-0.159350111,-0.126377216,-0.014299561,-0.044892867,6.235677478,-0.122961335,-0.134711223
117,0,600000,187469,0,0,281073,116337,136,0,422158,2401,213063,0,248146,3136,1576511,494136,-0.091447038,-0.092472664,0.161507511,-0.163712603,-0.150257874,0.103876824,-0.155660078,-0.119556803,-0.060868782,-0.158891086,-0.141564626,-0.014299561,-0.054359166,0.85387794,-0.103758542,-0.14826295
118,1,200000,0,-4167,0,1624396,22884,39,0,0,1573324,869220,0,211844,225,2003885,2493616,-0.140700118,-0.160628769,0.159761277,-0.163712603,-0.098904519,-0.11136543,-0.222744249,-0.119556803,-0.164855856,0.266282068,-0.081569051,-0.014299561,-0.07077797,-0.450244133,-0.087944747,-0.093285606
119,0,0,0,0,0,1426469,0,25,0,0,0,405999,0,0,613,0,1832468,-0.165326659,-0.160628769,0.161507511,-0.163712603,-0.10647099,-0.164072178,-0.2324265,-0.119556803,-0.164855856,-0.159540921,-0.123923564,-0.014299561,-0.166591567,-0.276420923,-0.162092978,-0.111464413
120,0,1500000,0,0,0,1835558,0,92,0,554422,1852186,1293424,0,428780,3187,4335388,3128982,0.019372393,-0.160628769,0.161507511,-0.163712603,-0.090832092,-0.164072178,-0.186090011,-0.119556803,-0.028289164,0.341756573,-0.042782049,-0.014299561,0.027338656,0.876725836,-0.001673918,-0.075815696
121,1,5600000,0,0,0,19250000,29336,108,0,1920000,22122,6843672,0,1111258,3627,8682716,26093672,0.524216468,-0.160628769,0.161507511,-0.163712603,0.574897612,-0.096505093,-0.175024581,-0.119556803,0.30808362,-0.153553562,0.464703687,-0.014299561,0.336012358,1.07384494,0.159186949,0.555617308
122,0,500000,0,0,0,0,16514,0,0,0,356071,511734,0,239502,0,1112087,511734,-0.103760308,-0.160628769,0.161507511,-0.163712603,-0.161002901,-0.126036903,-0.249716235,-0.119556803,-0.164855856,-0.06316966,-0.114255707,-0.014299561,-0.058268706,-0.551043675,-0.120943269,-0.147779079
123,0,100000,181993,0,0,1362375,0,0,0,554422,162,0,0,162779,0,999356,1362375,-0.153013389,-0.094463515,0.161507511,-0.163712603,-0.108921214,-0.164072178,-0.249716235,-0.119556803,-0.028289164,-0.159497075,-0.161045995,-0.014299561,-0.092969272,-0.551043675,-0.125114569,-0.124390006
124,0,700000,0,0,0,0,0,38,0,476451,111122,698920,0,257486,2647,1545059,698920,-0.079133768,-0.160628769,0.161507511,-0.163712603,-0.161002901,-0.164072178,-0.223435838,-0.119556803,-0.047495186,-0.129465551,-0.097140395,-0.014299561,-0.050134835,0.634806935,-0.104922336,-0.142632246
125,0,600000,227449,0,0,3181250,0,29,0,0,0,563798,0,265214,533,1092663,3745048,-0.091447038,-0.077937561,0.161507511,-0.163712603,-0.039388173,-0.164072178,-0.229660142,-0.119556803,-0.164855856,-0.159540921,-0.109495246,-0.014299561,-0.046639587,-0.31226076,-0.121662001,-0.058876456
126,0,0,0,0,0,0,0,0,0,0,362096,0,0,0,0,362096,0,-0.165326659,-0.160628769,0.161507511,-0.163712603,-0.161002901,-0.164072178,-0.249716235,-0.119556803,-0.164855856,-0.061538983,-0.161045995,-0.014299561,-0.166591567,-0.551043675,-0.148694615,-0.161849625
127,0,0,16586,0,0,4452476,46145,41,0,200000,426629,365320,0,222093,266,911453,4817796,-0.165326659,-0.154598774,0.161507511,-0.163712603,0.009209015,-0.05779037,-0.22136107,-0.119556803,-0.115591328,-0.04407301,-0.12764304,-0.014299561,-0.066142514,-0.431876216,-0.128367177,-0.029380369
128,0,300000,0,-575000,0,591250,0,19,0,275000,152055,576792,0,247338,460,399393,1168042,-0.128386848,-0.160628769,-0.079453439,-0.163712603,-0.138400242,-0.164072178,-0.236576036,-0.119556803,-0.097117129,-0.11838696,-0.108307143,-0.014299561,-0.054724611,-0.344964611,-0.147314543,-0.129733352
129,0,97343619,32083396,-27992891,1398517,311764000,5235198,0,83925000,48521928,42667589,130322299,-7576788,26704229,0,309886585,434509511,11.8208561,11.50358941,-11.56926397,11.5436801,11.75729775,11.8937089,-0.249716235,8.54831142,11.78719373,11.38851928,11.75494548,-5.25902137,11.91129701,-0.551043675,11.30440429,11.78534609
130,0,788750,0,0,0,0,53122,18,0,0,0,0,0,288589,111,1130461,0,-0.068205741,-0.160628769,0.161507511,-0.163712603,-0.161002901,-0.041720846,-0.237267626,-0.119556803,-0.164855856,-0.159540921,-0.161045995,-0.014299561,-0.036067454,-0.501315901,-0.12026339,-0.161849625
131,0,0,0,-36666,36666,0,228656,0,0,0,0,0,0,0,0,228656,0,-0.165326659,-0.160628769,0.146142164,0.143229151,-0.161002901,0.362571511,-0.249716235,-0.119556803,-0.164855856,-0.159540921,-0.161045995,-0.014299561,-0.166591567,-0.551043675,-0.153632194,-0.161849625
132,0,0,0,0,109298,0,103773,0,0,0,0,0,0,0,0,213071,0,-0.165326659,-0.160628769,0.161507511,0.751252755,-0.161002901,0.074939243,-0.249716235,-0.119556803,-0.164855856,-0.159540921,-0.161045995,-0.014299561,-0.166591567,-0.551043675,-0.154208874,-0.161849625
133,0,850000,0,0,0,4346544,50936,146,0,540751,2,1552453,0,357091,671,1798780,5898997,-0.060663863,-0.160628769,0.161507511,-0.163712603,0.005159383,-0.046755672,-0.148744184,-0.119556803,-0.03165664,-0.15954038,-0.019097788,-0.014299561,-0.005085113,-0.250437041,-0.095534091,0.00034814
134,0,0,53625,0,0,1030329,33785,0,0,0,0,0,0,0,0,87410,1030329,-0.165326659,-0.1411329,0.161507511,-0.163712603,-0.121614867,-0.086258095,-0.249716235,-0.119556803,-0.164855856,-0.159540921,-0.161045995,-0.014299561,-0.166591567,-0.551043675,-0.158858612,-0.133519884
135,0,325000,831299,-583325,0,1668260,0,30,0,200000,1425,388167,0,259996,400,1034395,2056427,-0.125308531,0.141597744,-0.082942134,-0.163712603,-0.09722766,-0.164072178,-0.228968553,-0.119556803,-0.115591328,-0.159155242,-0.125554029,-0.014299561,-0.048999603,-0.371844489,-0.123818047,-0.105306477
136,0,0,0,-10800,0,0,51870,0,0,256191,401130,384930,0,63744,0,762135,384930,-0.165326659,-0.160628769,0.156981635,-0.163712603,-0.161002901,-0.04460447,-0.249716235,-0.119556803,-0.101750212,-0.05097436,-0.125850003,-0.014299561,-0.137761192,-0.551043675,-0.133892277,-0.151265659
137,0,0,0,0,0,98718,0,0,0,0,0,0,0,0,0,0,98718,-0.165326659,-0.160628769,0.161507511,-0.163712603,-0.15722905,-0.164072178,-0.249716235,-0.119556803,-0.164855856,-0.159540921,-0.161045995,-0.014299561,-0.166591567,-0.551043675,-0.162092978,-0.159135293
138,0,3000000,0,0,0,3282960,57838,556,0,808346,301026,2796177,0,510364,6019,4677574,6079137,0.204071445,-0.160628769,0.161507511,-0.163712603,-0.035499942,-0.030858889,0.134807465,-0.119556803,0.034258067,-0.078067689,0.094621849,-0.014299561,0.064237772,2.145456069,0.01098773,0.005301237
139,0,450000,0,0,0,1297049,81353,0,0,0,1085463,13847074,0,317543,0,1934359,15144123,-0.109916943,-0.160628769,0.161507511,-0.163712603,-0.111418536,0.023301187,-0.249716235,-0.119556803,-0.164855856,0.134241605,1.105058247,-0.014299561,-0.022972031,-0.551043675,-0.090517365,0.254550469
140,0,0,0,-25000,108579,0,1413,0,0,0,0,0,0,0,0,84992,0,-0.165326659,-0.160628769,0.151030948,0.745233797,-0.161002901,-0.160817737,-0.249716235,-0.119556803,-0.164855856,-0.159540921,-0.161045995,-0.014299561,-0.166591567,-0.551043675,-0.158948083,-0.161849625
141,0,0,0,0,0,0,0,0,0,0,189583,0,0,0,0,189583,0,-0.165326659,-0.160628769,0.161507511,-0.163712603,-0.161002901,-0.164072178,-0.249716235,-0.119556803,-0.164855856,-0.108229939,-0.161045995,-0.014299561,-0.166591567,-0.551043675,-0.155077982,-0.161849625
142,0,0,0,0,0,139130,0,0,0,0,0,0,0,0,0,0,139130,-0.165326659,-0.160628769,0.161507511,-0.163712603,-0.155684156,-0.164072178,-0.249716235,-0.119556803,-0.164855856,-0.159540921,-0.161045995,-0.014299561,-0.166591567,-0.551043675,-0.162092978,-0.158024132
143,1,0,0,0,0,8308552,53947,0,0,0,147950,3576206,0,158403,0,360300,11884758,-0.165326659,-0.160628769,0.161507511,-0.163712603,0.156621394,-0.039820695,-0.249716235,-0.119556803,-0.164855856,-0.119497986,0.165943634,-0.014299561,-0.094948465,-0.551043675,-0.148761071,0.164931553
144,0,0,0,0,0,192758,55097,0,0,0,0,0,0,0,0,55097,192758,-0.165326659,-0.160628769,0.161507511,-0.163712603,-0.153634032,-0.037171999,-0.249716235,-0.119556803,-0.164855856,-0.159540921,-0.161045995,-0.014299561,-0.166591567,-0.551043675,-0.160054265,-0.156549586
